image_name,image_path,label_name,label_num
happy_20.jpg,data/happy/happy_20.jpg,happy,2
neutral_343.png,data/neutral/neutral_343.png,neutral,3
happy_293.png,data/happy/happy_293.png,happy,2
angry_93.png,data/angry/angry_93.png,angry,0
neutral_83.png,data/neutral/neutral_83.png,neutral,3
angry_294.png,data/angry/angry_294.png,angry,0
happy_259.png,data/happy/happy_259.png,happy,2
focused_454.png,data/focused/focused_454.png,focused,1
focused_169.png,data/focused/focused_169.png,focused,1
happy_396.jpg,data/happy/happy_396.jpg,happy,2
neutral_62.png,data/neutral/neutral_62.png,neutral,3
happy_132.png,data/happy/happy_132.png,happy,2
focused_131.png,data/focused/focused_131.png,focused,1
happy_142.png,data/happy/happy_142.png,happy,2
happy_189.png,data/happy/happy_189.png,happy,2
happy_276.jpg,data/happy/happy_276.jpg,happy,2
happy_422.jpg,data/happy/happy_422.jpg,happy,2
angry_69.jpg,data/angry/angry_69.jpg,angry,0
angry_15.jpg,data/angry/angry_15.jpg,angry,0
focused_1.png,data/focused/focused_1.png,focused,1
happy_303.png,data/happy/happy_303.png,happy,2
focused_343.png,data/focused/focused_343.png,focused,1
angry_71.png,data/angry/angry_71.png,angry,0
focused_372.png,data/focused/focused_372.png,focused,1
neutral_206.jpg,data/neutral/neutral_206.jpg,neutral,3
angry_296.png,data/angry/angry_296.png,angry,0
happy_414.png,data/happy/happy_414.png,happy,2
neutral_64.png,data/neutral/neutral_64.png,neutral,3
happy_460.png,data/happy/happy_460.png,happy,2
angry_489.png,data/angry/angry_489.png,angry,0
angry_383.png,data/angry/angry_383.png,angry,0
angry_273.jpg,data/angry/angry_273.jpg,angry,0
neutral_382.png,data/neutral/neutral_382.png,neutral,3
focused_120.png,data/focused/focused_120.png,focused,1
happy_305.jpg,data/happy/happy_305.jpg,happy,2
happy_97.png,data/happy/happy_97.png,happy,2
neutral_490.png,data/neutral/neutral_490.png,neutral,3
happy_295.png,data/happy/happy_295.png,happy,2
angry_61.jpg,data/angry/angry_61.jpg,angry,0
focused_168.png,data/focused/focused_168.png,focused,1
angry_309.png,data/angry/angry_309.png,angry,0
happy_37.png,data/happy/happy_37.png,happy,2
neutral_218.png,data/neutral/neutral_218.png,neutral,3
happy_261.png,data/happy/happy_261.png,happy,2
focused_198.jpg,data/focused/focused_198.jpg,focused,1
focused_215.png,data/focused/focused_215.png,focused,1
neutral_43.png,data/neutral/neutral_43.png,neutral,3
angry_429.jpg,data/angry/angry_429.jpg,angry,0
angry_193.jpg,data/angry/angry_193.jpg,angry,0
neutral_16.png,data/neutral/neutral_16.png,neutral,3
neutral_219.jpg,data/neutral/neutral_219.jpg,neutral,3
neutral_207.png,data/neutral/neutral_207.png,neutral,3
neutral_214.jpg,data/neutral/neutral_214.jpg,neutral,3
angry_497.png,data/angry/angry_497.png,angry,0
focused_190.png,data/focused/focused_190.png,focused,1
happy_440.png,data/happy/happy_440.png,happy,2
neutral_340.png,data/neutral/neutral_340.png,neutral,3
happy_174.jpg,data/happy/happy_174.jpg,happy,2
focused_226.png,data/focused/focused_226.png,focused,1
focused_154.png,data/focused/focused_154.png,focused,1
focused_86.png,data/focused/focused_86.png,focused,1
happy_198.jpg,data/happy/happy_198.jpg,happy,2
angry_320.png,data/angry/angry_320.png,angry,0
focused_101.png,data/focused/focused_101.png,focused,1
angry_406.png,data/angry/angry_406.png,angry,0
angry_305.png,data/angry/angry_305.png,angry,0
neutral_475.png,data/neutral/neutral_475.png,neutral,3
focused_386.png,data/focused/focused_386.png,focused,1
neutral_34.png,data/neutral/neutral_34.png,neutral,3
angry_32.png,data/angry/angry_32.png,angry,0
angry_335.png,data/angry/angry_335.png,angry,0
happy_230.jpg,data/happy/happy_230.jpg,happy,2
neutral_147.png,data/neutral/neutral_147.png,neutral,3
angry_385.png,data/angry/angry_385.png,angry,0
angry_196.jpg,data/angry/angry_196.jpg,angry,0
angry_189.jpg,data/angry/angry_189.jpg,angry,0
happy_355.jpg,data/happy/happy_355.jpg,happy,2
happy_130.png,data/happy/happy_130.png,happy,2
neutral_330.jpg,data/neutral/neutral_330.jpg,neutral,3
focused_88.png,data/focused/focused_88.png,focused,1
focused_469.png,data/focused/focused_469.png,focused,1
neutral_59.png,data/neutral/neutral_59.png,neutral,3
happy_155.png,data/happy/happy_155.png,happy,2
focused_103.png,data/focused/focused_103.png,focused,1
angry_479.png,data/angry/angry_479.png,angry,0
neutral_27.png,data/neutral/neutral_27.png,neutral,3
neutral_389.png,data/neutral/neutral_389.png,neutral,3
happy_76.png,data/happy/happy_76.png,happy,2
happy_321.png,data/happy/happy_321.png,happy,2
happy_394.png,data/happy/happy_394.png,happy,2
neutral_204.jpg,data/neutral/neutral_204.jpg,neutral,3
angry_171.png,data/angry/angry_171.png,angry,0
happy_281.jpg,data/happy/happy_281.jpg,happy,2
angry_249.png,data/angry/angry_249.png,angry,0
angry_411.jpg,data/angry/angry_411.jpg,angry,0
angry_393.png,data/angry/angry_393.png,angry,0
happy_21.png,data/happy/happy_21.png,happy,2
focused_442.png,data/focused/focused_442.png,focused,1
focused_22.png,data/focused/focused_22.png,focused,1
neutral_179.jpg,data/neutral/neutral_179.jpg,neutral,3
focused_141.png,data/focused/focused_141.png,focused,1
focused_416.png,data/focused/focused_416.png,focused,1
focused_329.png,data/focused/focused_329.png,focused,1
focused_157.png,data/focused/focused_157.png,focused,1
happy_483.png,data/happy/happy_483.png,happy,2
neutral_456.png,data/neutral/neutral_456.png,neutral,3
focused_174.png,data/focused/focused_174.png,focused,1
focused_330.png,data/focused/focused_330.png,focused,1
neutral_208.png,data/neutral/neutral_208.png,neutral,3
focused_109.png,data/focused/focused_109.png,focused,1
angry_209.jpg,data/angry/angry_209.jpg,angry,0
happy_219.jpg,data/happy/happy_219.jpg,happy,2
happy_351.png,data/happy/happy_351.png,happy,2
angry_241.png,data/angry/angry_241.png,angry,0
focused_90.png,data/focused/focused_90.png,focused,1
angry_130.png,data/angry/angry_130.png,angry,0
focused_308.png,data/focused/focused_308.png,focused,1
happy_380.png,data/happy/happy_380.png,happy,2
angry_462.jpg,data/angry/angry_462.jpg,angry,0
focused_38.png,data/focused/focused_38.png,focused,1
angry_245.jpg,data/angry/angry_245.jpg,angry,0
angry_222.png,data/angry/angry_222.png,angry,0
angry_207.png,data/angry/angry_207.png,angry,0
focused_128.png,data/focused/focused_128.png,focused,1
focused_305.png,data/focused/focused_305.png,focused,1
neutral_254.jpg,data/neutral/neutral_254.jpg,neutral,3
angry_186.jpg,data/angry/angry_186.jpg,angry,0
neutral_329.png,data/neutral/neutral_329.png,neutral,3
neutral_413.png,data/neutral/neutral_413.png,neutral,3
happy_19.png,data/happy/happy_19.png,happy,2
angry_264.jpg,data/angry/angry_264.jpg,angry,0
happy_353.jpg,data/happy/happy_353.jpg,happy,2
angry_185.png,data/angry/angry_185.png,angry,0
neutral_13.png,data/neutral/neutral_13.png,neutral,3
focused_15.png,data/focused/focused_15.png,focused,1
angry_246.jpg,data/angry/angry_246.jpg,angry,0
focused_451.png,data/focused/focused_451.png,focused,1
neutral_383.png,data/neutral/neutral_383.png,neutral,3
angry_50.png,data/angry/angry_50.png,angry,0
neutral_287.png,data/neutral/neutral_287.png,neutral,3
happy_78.png,data/happy/happy_78.png,happy,2
angry_286.png,data/angry/angry_286.png,angry,0
happy_409.jpg,data/happy/happy_409.jpg,happy,2
focused_273.png,data/focused/focused_273.png,focused,1
focused_7.png,data/focused/focused_7.png,focused,1
happy_168.png,data/happy/happy_168.png,happy,2
focused_310.png,data/focused/focused_310.png,focused,1
neutral_158.png,data/neutral/neutral_158.png,neutral,3
angry_287.png,data/angry/angry_287.png,angry,0
angry_267.png,data/angry/angry_267.png,angry,0
neutral_199.png,data/neutral/neutral_199.png,neutral,3
neutral_17.png,data/neutral/neutral_17.png,neutral,3
neutral_295.png,data/neutral/neutral_295.png,neutral,3
neutral_402.png,data/neutral/neutral_402.png,neutral,3
neutral_241.png,data/neutral/neutral_241.png,neutral,3
neutral_53.png,data/neutral/neutral_53.png,neutral,3
happy_81.jpg,data/happy/happy_81.jpg,happy,2
focused_371.png,data/focused/focused_371.png,focused,1
happy_108.jpg,data/happy/happy_108.jpg,happy,2
neutral_237.jpg,data/neutral/neutral_237.jpg,neutral,3
angry_281.jpg,data/angry/angry_281.jpg,angry,0
happy_149.png,data/happy/happy_149.png,happy,2
angry_162.jpg,data/angry/angry_162.jpg,angry,0
happy_373.png,data/happy/happy_373.png,happy,2
angry_244.png,data/angry/angry_244.png,angry,0
angry_234.png,data/angry/angry_234.png,angry,0
neutral_424.png,data/neutral/neutral_424.png,neutral,3
happy_416.png,data/happy/happy_416.png,happy,2
focused_162.png,data/focused/focused_162.png,focused,1
neutral_370.png,data/neutral/neutral_370.png,neutral,3
neutral_42.png,data/neutral/neutral_42.png,neutral,3
focused_222.png,data/focused/focused_222.png,focused,1
happy_113.png,data/happy/happy_113.png,happy,2
angry_258.png,data/angry/angry_258.png,angry,0
happy_30.jpg,data/happy/happy_30.jpg,happy,2
angry_88.png,data/angry/angry_88.png,angry,0
angry_421.png,data/angry/angry_421.png,angry,0
neutral_341.png,data/neutral/neutral_341.png,neutral,3
angry_198.png,data/angry/angry_198.png,angry,0
angry_315.png,data/angry/angry_315.png,angry,0
angry_219.jpg,data/angry/angry_219.jpg,angry,0
angry_105.png,data/angry/angry_105.png,angry,0
neutral_46.png,data/neutral/neutral_46.png,neutral,3
neutral_52.png,data/neutral/neutral_52.png,neutral,3
neutral_260.png,data/neutral/neutral_260.png,neutral,3
focused_313.png,data/focused/focused_313.png,focused,1
focused_259.jpg,data/focused/focused_259.jpg,focused,1
focused_328.png,data/focused/focused_328.png,focused,1
neutral_274.png,data/neutral/neutral_274.png,neutral,3
angry_235.png,data/angry/angry_235.png,angry,0
focused_281.png,data/focused/focused_281.png,focused,1
focused_334.png,data/focused/focused_334.png,focused,1
happy_181.jpg,data/happy/happy_181.jpg,happy,2
happy_393.png,data/happy/happy_393.png,happy,2
happy_314.png,data/happy/happy_314.png,happy,2
focused_10.png,data/focused/focused_10.png,focused,1
angry_42.png,data/angry/angry_42.png,angry,0
angry_176.jpg,data/angry/angry_176.jpg,angry,0
happy_171.jpg,data/happy/happy_171.jpg,happy,2
angry_373.png,data/angry/angry_373.png,angry,0
happy_501.png,data/happy/happy_501.png,happy,2
neutral_454.png,data/neutral/neutral_454.png,neutral,3
neutral_314.png,data/neutral/neutral_314.png,neutral,3
focused_64.png,data/focused/focused_64.png,focused,1
angry_360.jpg,data/angry/angry_360.jpg,angry,0
focused_498.png,data/focused/focused_498.png,focused,1
neutral_143.png,data/neutral/neutral_143.png,neutral,3
happy_401.png,data/happy/happy_401.png,happy,2
angry_229.png,data/angry/angry_229.png,angry,0
angry_24.png,data/angry/angry_24.png,angry,0
neutral_284.png,data/neutral/neutral_284.png,neutral,3
focused_504.png,data/focused/focused_504.png,focused,1
angry_232.png,data/angry/angry_232.png,angry,0
happy_159.png,data/happy/happy_159.png,happy,2
neutral_410.png,data/neutral/neutral_410.png,neutral,3
neutral_142.png,data/neutral/neutral_142.png,neutral,3
focused_293.png,data/focused/focused_293.png,focused,1
happy_217.png,data/happy/happy_217.png,happy,2
neutral_131.png,data/neutral/neutral_131.png,neutral,3
focused_471.png,data/focused/focused_471.png,focused,1
happy_307.jpg,data/happy/happy_307.jpg,happy,2
angry_217.jpg,data/angry/angry_217.jpg,angry,0
happy_382.jpg,data/happy/happy_382.jpg,happy,2
happy_465.png,data/happy/happy_465.png,happy,2
happy_490.jpg,data/happy/happy_490.jpg,happy,2
happy_255.jpg,data/happy/happy_255.jpg,happy,2
focused_147.png,data/focused/focused_147.png,focused,1
angry_59.jpg,data/angry/angry_59.jpg,angry,0
happy_53.png,data/happy/happy_53.png,happy,2
happy_336.png,data/happy/happy_336.png,happy,2
angry_327.jpg,data/angry/angry_327.jpg,angry,0
happy_69.png,data/happy/happy_69.png,happy,2
focused_472.png,data/focused/focused_472.png,focused,1
neutral_23.png,data/neutral/neutral_23.png,neutral,3
focused_311.png,data/focused/focused_311.png,focused,1
focused_428.png,data/focused/focused_428.png,focused,1
neutral_256.png,data/neutral/neutral_256.png,neutral,3
angry_239.jpg,data/angry/angry_239.jpg,angry,0
happy_407.png,data/happy/happy_407.png,happy,2
neutral_486.png,data/neutral/neutral_486.png,neutral,3
angry_446.png,data/angry/angry_446.png,angry,0
focused_370.png,data/focused/focused_370.png,focused,1
happy_438.jpg,data/happy/happy_438.jpg,happy,2
angry_326.png,data/angry/angry_326.png,angry,0
happy_308.png,data/happy/happy_308.png,happy,2
focused_456.png,data/focused/focused_456.png,focused,1
focused_105.png,data/focused/focused_105.png,focused,1
focused_368.png,data/focused/focused_368.png,focused,1
focused_123.png,data/focused/focused_123.png,focused,1
neutral_141.png,data/neutral/neutral_141.png,neutral,3
angry_331.png,data/angry/angry_331.png,angry,0
focused_367.png,data/focused/focused_367.png,focused,1
focused_433.png,data/focused/focused_433.png,focused,1
neutral_205.jpg,data/neutral/neutral_205.jpg,neutral,3
neutral_95.png,data/neutral/neutral_95.png,neutral,3
focused_66.png,data/focused/focused_66.png,focused,1
neutral_81.jpg,data/neutral/neutral_81.jpg,neutral,3
focused_249.png,data/focused/focused_249.png,focused,1
happy_372.png,data/happy/happy_372.png,happy,2
angry_435.png,data/angry/angry_435.png,angry,0
focused_326.png,data/focused/focused_326.png,focused,1
happy_27.png,data/happy/happy_27.png,happy,2
happy_476.png,data/happy/happy_476.png,happy,2
angry_4.png,data/angry/angry_4.png,angry,0
neutral_417.png,data/neutral/neutral_417.png,neutral,3
focused_477.png,data/focused/focused_477.png,focused,1
angry_201.png,data/angry/angry_201.png,angry,0
focused_347.png,data/focused/focused_347.png,focused,1
neutral_423.jpg,data/neutral/neutral_423.jpg,neutral,3
focused_108.png,data/focused/focused_108.png,focused,1
happy_147.jpg,data/happy/happy_147.jpg,happy,2
neutral_242.jpg,data/neutral/neutral_242.jpg,neutral,3
angry_458.png,data/angry/angry_458.png,angry,0
focused_253.png,data/focused/focused_253.png,focused,1
angry_341.jpg,data/angry/angry_341.jpg,angry,0
angry_74.png,data/angry/angry_74.png,angry,0
neutral_68.png,data/neutral/neutral_68.png,neutral,3
angry_190.png,data/angry/angry_190.png,angry,0
angry_214.png,data/angry/angry_214.png,angry,0
focused_159.png,data/focused/focused_159.png,focused,1
happy_148.jpg,data/happy/happy_148.jpg,happy,2
focused_49.png,data/focused/focused_49.png,focused,1
angry_120.png,data/angry/angry_120.png,angry,0
neutral_6.png,data/neutral/neutral_6.png,neutral,3
focused_406.png,data/focused/focused_406.png,focused,1
neutral_84.jpg,data/neutral/neutral_84.jpg,neutral,3
focused_291.png,data/focused/focused_291.png,focused,1
focused_235.png,data/focused/focused_235.png,focused,1
angry_397.png,data/angry/angry_397.png,angry,0
happy_418.png,data/happy/happy_418.png,happy,2
happy_1.png,data/happy/happy_1.png,happy,2
angry_36.jpg,data/angry/angry_36.jpg,angry,0
angry_173.png,data/angry/angry_173.png,angry,0
happy_235.png,data/happy/happy_235.png,happy,2
happy_342.png,data/happy/happy_342.png,happy,2
angry_275.png,data/angry/angry_275.png,angry,0
focused_9.png,data/focused/focused_9.png,focused,1
angry_169.png,data/angry/angry_169.png,angry,0
neutral_283.png,data/neutral/neutral_283.png,neutral,3
focused_445.png,data/focused/focused_445.png,focused,1
neutral_462.png,data/neutral/neutral_462.png,neutral,3
angry_504.png,data/angry/angry_504.png,angry,0
neutral_277.png,data/neutral/neutral_277.png,neutral,3
neutral_493.png,data/neutral/neutral_493.png,neutral,3
happy_262.jpg,data/happy/happy_262.jpg,happy,2
happy_452.png,data/happy/happy_452.png,happy,2
neutral_203.jpg,data/neutral/neutral_203.jpg,neutral,3
happy_45.png,data/happy/happy_45.png,happy,2
angry_78.jpg,data/angry/angry_78.jpg,angry,0
focused_46.jpg,data/focused/focused_46.jpg,focused,1
happy_417.png,data/happy/happy_417.png,happy,2
neutral_30.png,data/neutral/neutral_30.png,neutral,3
happy_253.png,data/happy/happy_253.png,happy,2
happy_403.jpg,data/happy/happy_403.jpg,happy,2
happy_128.png,data/happy/happy_128.png,happy,2
focused_413.png,data/focused/focused_413.png,focused,1
neutral_229.png,data/neutral/neutral_229.png,neutral,3
happy_10.png,data/happy/happy_10.png,happy,2
neutral_427.jpg,data/neutral/neutral_427.jpg,neutral,3
angry_283.png,data/angry/angry_283.png,angry,0
happy_410.jpg,data/happy/happy_410.jpg,happy,2
angry_285.png,data/angry/angry_285.png,angry,0
focused_44.png,data/focused/focused_44.png,focused,1
angry_57.jpg,data/angry/angry_57.jpg,angry,0
angry_330.jpg,data/angry/angry_330.jpg,angry,0
angry_52.png,data/angry/angry_52.png,angry,0
neutral_436.png,data/neutral/neutral_436.png,neutral,3
focused_231.png,data/focused/focused_231.png,focused,1
focused_99.png,data/focused/focused_99.png,focused,1
angry_106.png,data/angry/angry_106.png,angry,0
happy_481.png,data/happy/happy_481.png,happy,2
angry_119.png,data/angry/angry_119.png,angry,0
happy_94.jpg,data/happy/happy_94.jpg,happy,2
angry_379.png,data/angry/angry_379.png,angry,0
neutral_488.png,data/neutral/neutral_488.png,neutral,3
focused_345.png,data/focused/focused_345.png,focused,1
happy_344.png,data/happy/happy_344.png,happy,2
happy_311.png,data/happy/happy_311.png,happy,2
neutral_125.png,data/neutral/neutral_125.png,neutral,3
neutral_498.png,data/neutral/neutral_498.png,neutral,3
happy_444.png,data/happy/happy_444.png,happy,2
focused_210.png,data/focused/focused_210.png,focused,1
focused_130.png,data/focused/focused_130.png,focused,1
neutral_79.jpg,data/neutral/neutral_79.jpg,neutral,3
focused_332.png,data/focused/focused_332.png,focused,1
happy_474.jpg,data/happy/happy_474.jpg,happy,2
neutral_305.png,data/neutral/neutral_305.png,neutral,3
angry_392.jpg,data/angry/angry_392.jpg,angry,0
happy_80.jpg,data/happy/happy_80.jpg,happy,2
focused_490.png,data/focused/focused_490.png,focused,1
neutral_358.png,data/neutral/neutral_358.png,neutral,3
focused_230.png,data/focused/focused_230.png,focused,1
happy_300.jpg,data/happy/happy_300.jpg,happy,2
angry_62.png,data/angry/angry_62.png,angry,0
neutral_246.png,data/neutral/neutral_246.png,neutral,3
happy_103.png,data/happy/happy_103.png,happy,2
happy_135.png,data/happy/happy_135.png,happy,2
neutral_40.png,data/neutral/neutral_40.png,neutral,3
focused_102.png,data/focused/focused_102.png,focused,1
happy_46.png,data/happy/happy_46.png,happy,2
angry_478.png,data/angry/angry_478.png,angry,0
focused_495.png,data/focused/focused_495.png,focused,1
neutral_403.jpg,data/neutral/neutral_403.jpg,neutral,3
focused_220.png,data/focused/focused_220.png,focused,1
angry_237.png,data/angry/angry_237.png,angry,0
focused_465.png,data/focused/focused_465.png,focused,1
happy_360.jpg,data/happy/happy_360.jpg,happy,2
neutral_290.png,data/neutral/neutral_290.png,neutral,3
neutral_398.png,data/neutral/neutral_398.png,neutral,3
happy_479.jpg,data/happy/happy_479.jpg,happy,2
angry_370.png,data/angry/angry_370.png,angry,0
neutral_357.png,data/neutral/neutral_357.png,neutral,3
angry_316.jpg,data/angry/angry_316.jpg,angry,0
angry_113.png,data/angry/angry_113.png,angry,0
angry_203.png,data/angry/angry_203.png,angry,0
neutral_499.jpg,data/neutral/neutral_499.jpg,neutral,3
neutral_387.png,data/neutral/neutral_387.png,neutral,3
focused_320.png,data/focused/focused_320.png,focused,1
happy_44.png,data/happy/happy_44.png,happy,2
focused_312.png,data/focused/focused_312.png,focused,1
angry_453.png,data/angry/angry_453.png,angry,0
neutral_392.png,data/neutral/neutral_392.png,neutral,3
angry_208.png,data/angry/angry_208.png,angry,0
happy_61.png,data/happy/happy_61.png,happy,2
angry_354.jpg,data/angry/angry_354.jpg,angry,0
angry_2.jpg,data/angry/angry_2.jpg,angry,0
happy_468.png,data/happy/happy_468.png,happy,2
angry_188.png,data/angry/angry_188.png,angry,0
happy_34.jpg,data/happy/happy_34.jpg,happy,2
happy_136.png,data/happy/happy_136.png,happy,2
neutral_397.png,data/neutral/neutral_397.png,neutral,3
focused_212.png,data/focused/focused_212.png,focused,1
happy_492.png,data/happy/happy_492.png,happy,2
neutral_411.png,data/neutral/neutral_411.png,neutral,3
focused_20.png,data/focused/focused_20.png,focused,1
happy_285.png,data/happy/happy_285.png,happy,2
focused_256.png,data/focused/focused_256.png,focused,1
angry_469.png,data/angry/angry_469.png,angry,0
neutral_500.png,data/neutral/neutral_500.png,neutral,3
happy_38.jpg,data/happy/happy_38.jpg,happy,2
focused_379.jpg,data/focused/focused_379.jpg,focused,1
angry_416.png,data/angry/angry_416.png,angry,0
happy_415.png,data/happy/happy_415.png,happy,2
happy_231.png,data/happy/happy_231.png,happy,2
happy_13.jpg,data/happy/happy_13.jpg,happy,2
neutral_373.jpg,data/neutral/neutral_373.jpg,neutral,3
focused_236.png,data/focused/focused_236.png,focused,1
focused_503.png,data/focused/focused_503.png,focused,1
neutral_258.jpg,data/neutral/neutral_258.jpg,neutral,3
happy_220.jpg,data/happy/happy_220.jpg,happy,2
focused_206.png,data/focused/focused_206.png,focused,1
neutral_360.jpg,data/neutral/neutral_360.jpg,neutral,3
happy_250.jpg,data/happy/happy_250.jpg,happy,2
neutral_379.png,data/neutral/neutral_379.png,neutral,3
neutral_5.jpg,data/neutral/neutral_5.jpg,neutral,3
happy_266.png,data/happy/happy_266.png,happy,2
angry_413.png,data/angry/angry_413.png,angry,0
happy_246.png,data/happy/happy_246.png,happy,2
neutral_183.png,data/neutral/neutral_183.png,neutral,3
focused_80.png,data/focused/focused_80.png,focused,1
happy_453.png,data/happy/happy_453.png,happy,2
angry_23.png,data/angry/angry_23.png,angry,0
focused_11.png,data/focused/focused_11.png,focused,1
focused_453.png,data/focused/focused_453.png,focused,1
neutral_272.jpg,data/neutral/neutral_272.jpg,neutral,3
happy_333.png,data/happy/happy_333.png,happy,2
angry_102.jpg,data/angry/angry_102.jpg,angry,0
neutral_406.jpg,data/neutral/neutral_406.jpg,neutral,3
neutral_466.jpg,data/neutral/neutral_466.jpg,neutral,3
happy_280.png,data/happy/happy_280.png,happy,2
focused_420.png,data/focused/focused_420.png,focused,1
neutral_299.png,data/neutral/neutral_299.png,neutral,3
neutral_193.png,data/neutral/neutral_193.png,neutral,3
happy_288.jpg,data/happy/happy_288.jpg,happy,2
happy_139.png,data/happy/happy_139.png,happy,2
neutral_326.png,data/neutral/neutral_326.png,neutral,3
angry_116.png,data/angry/angry_116.png,angry,0
focused_47.png,data/focused/focused_47.png,focused,1
neutral_336.png,data/neutral/neutral_336.png,neutral,3
neutral_22.png,data/neutral/neutral_22.png,neutral,3
angry_49.png,data/angry/angry_49.png,angry,0
happy_370.png,data/happy/happy_370.png,happy,2
focused_186.png,data/focused/focused_186.png,focused,1
happy_275.png,data/happy/happy_275.png,happy,2
focused_96.png,data/focused/focused_96.png,focused,1
happy_482.png,data/happy/happy_482.png,happy,2
neutral_478.png,data/neutral/neutral_478.png,neutral,3
angry_248.png,data/angry/angry_248.png,angry,0
neutral_44.png,data/neutral/neutral_44.png,neutral,3
neutral_453.jpg,data/neutral/neutral_453.jpg,neutral,3
focused_411.png,data/focused/focused_411.png,focused,1
angry_158.png,data/angry/angry_158.png,angry,0
focused_18.png,data/focused/focused_18.png,focused,1
angry_242.png,data/angry/angry_242.png,angry,0
neutral_400.png,data/neutral/neutral_400.png,neutral,3
neutral_404.png,data/neutral/neutral_404.png,neutral,3
angry_259.jpg,data/angry/angry_259.jpg,angry,0
angry_356.png,data/angry/angry_356.png,angry,0
neutral_323.png,data/neutral/neutral_323.png,neutral,3
focused_276.png,data/focused/focused_276.png,focused,1
angry_227.png,data/angry/angry_227.png,angry,0
happy_326.jpg,data/happy/happy_326.jpg,happy,2
neutral_69.jpg,data/neutral/neutral_69.jpg,neutral,3
neutral_366.png,data/neutral/neutral_366.png,neutral,3
focused_23.png,data/focused/focused_23.png,focused,1
happy_358.png,data/happy/happy_358.png,happy,2
neutral_210.png,data/neutral/neutral_210.png,neutral,3
angry_76.png,data/angry/angry_76.png,angry,0
angry_396.png,data/angry/angry_396.png,angry,0
angry_290.png,data/angry/angry_290.png,angry,0
neutral_465.png,data/neutral/neutral_465.png,neutral,3
focused_298.png,data/focused/focused_298.png,focused,1
happy_508.png,data/happy/happy_508.png,happy,2
happy_251.png,data/happy/happy_251.png,happy,2
neutral_264.png,data/neutral/neutral_264.png,neutral,3
neutral_223.png,data/neutral/neutral_223.png,neutral,3
happy_364.jpg,data/happy/happy_364.jpg,happy,2
angry_202.jpg,data/angry/angry_202.jpg,angry,0
happy_115.jpg,data/happy/happy_115.jpg,happy,2
focused_279.png,data/focused/focused_279.png,focused,1
focused_487.png,data/focused/focused_487.png,focused,1
angry_85.png,data/angry/angry_85.png,angry,0
neutral_463.png,data/neutral/neutral_463.png,neutral,3
happy_328.jpg,data/happy/happy_328.jpg,happy,2
neutral_157.png,data/neutral/neutral_157.png,neutral,3
neutral_151.png,data/neutral/neutral_151.png,neutral,3
happy_389.jpg,data/happy/happy_389.jpg,happy,2
happy_313.jpg,data/happy/happy_313.jpg,happy,2
neutral_435.jpg,data/neutral/neutral_435.jpg,neutral,3
neutral_232.png,data/neutral/neutral_232.png,neutral,3
neutral_116.png,data/neutral/neutral_116.png,neutral,3
focused_340.png,data/focused/focused_340.png,focused,1
focused_194.png,data/focused/focused_194.png,focused,1
focused_219.png,data/focused/focused_219.png,focused,1
neutral_174.png,data/neutral/neutral_174.png,neutral,3
neutral_63.png,data/neutral/neutral_63.png,neutral,3
angry_324.png,data/angry/angry_324.png,angry,0
angry_382.png,data/angry/angry_382.png,angry,0
angry_499.png,data/angry/angry_499.png,angry,0
angry_496.png,data/angry/angry_496.png,angry,0
angry_500.png,data/angry/angry_500.png,angry,0
angry_490.png,data/angry/angry_490.png,angry,0
neutral_100.jpg,data/neutral/neutral_100.jpg,neutral,3
focused_126.png,data/focused/focused_126.png,focused,1
neutral_165.png,data/neutral/neutral_165.png,neutral,3
focused_163.png,data/focused/focused_163.png,focused,1
happy_335.jpg,data/happy/happy_335.jpg,happy,2
neutral_255.png,data/neutral/neutral_255.png,neutral,3
focused_479.png,data/focused/focused_479.png,focused,1
angry_394.png,data/angry/angry_394.png,angry,0
focused_412.png,data/focused/focused_412.png,focused,1
neutral_115.png,data/neutral/neutral_115.png,neutral,3
angry_75.png,data/angry/angry_75.png,angry,0
focused_180.png,data/focused/focused_180.png,focused,1
neutral_375.png,data/neutral/neutral_375.png,neutral,3
happy_284.png,data/happy/happy_284.png,happy,2
focused_238.png,data/focused/focused_238.png,focused,1
angry_12.png,data/angry/angry_12.png,angry,0
happy_388.jpg,data/happy/happy_388.jpg,happy,2
focused_214.jpg,data/focused/focused_214.jpg,focused,1
happy_431.jpg,data/happy/happy_431.jpg,happy,2
angry_10.png,data/angry/angry_10.png,angry,0
happy_137.png,data/happy/happy_137.png,happy,2
neutral_273.png,data/neutral/neutral_273.png,neutral,3
neutral_77.png,data/neutral/neutral_77.png,neutral,3
neutral_227.png,data/neutral/neutral_227.png,neutral,3
neutral_444.png,data/neutral/neutral_444.png,neutral,3
happy_505.png,data/happy/happy_505.png,happy,2
happy_2.jpg,data/happy/happy_2.jpg,happy,2
angry_443.jpg,data/angry/angry_443.jpg,angry,0
focused_224.png,data/focused/focused_224.png,focused,1
angry_488.jpg,data/angry/angry_488.jpg,angry,0
neutral_443.png,data/neutral/neutral_443.png,neutral,3
focused_191.png,data/focused/focused_191.png,focused,1
focused_92.png,data/focused/focused_92.png,focused,1
focused_170.png,data/focused/focused_170.png,focused,1
angry_128.jpg,data/angry/angry_128.jpg,angry,0
happy_197.png,data/happy/happy_197.png,happy,2
focused_429.png,data/focused/focused_429.png,focused,1
happy_122.png,data/happy/happy_122.png,happy,2
angry_92.png,data/angry/angry_92.png,angry,0
focused_94.png,data/focused/focused_94.png,focused,1
neutral_168.png,data/neutral/neutral_168.png,neutral,3
neutral_339.jpg,data/neutral/neutral_339.jpg,neutral,3
focused_4.png,data/focused/focused_4.png,focused,1
angry_7.png,data/angry/angry_7.png,angry,0
focused_299.png,data/focused/focused_299.png,focused,1
neutral_72.png,data/neutral/neutral_72.png,neutral,3
angry_70.jpg,data/angry/angry_70.jpg,angry,0
angry_371.png,data/angry/angry_371.png,angry,0
focused_285.png,data/focused/focused_285.png,focused,1
happy_177.png,data/happy/happy_177.png,happy,2
happy_162.png,data/happy/happy_162.png,happy,2
neutral_458.png,data/neutral/neutral_458.png,neutral,3
happy_309.jpg,data/happy/happy_309.jpg,happy,2
angry_350.jpg,data/angry/angry_350.jpg,angry,0
happy_299.png,data/happy/happy_299.png,happy,2
happy_368.png,data/happy/happy_368.png,happy,2
focused_461.png,data/focused/focused_461.png,focused,1
focused_318.png,data/focused/focused_318.png,focused,1
neutral_176.png,data/neutral/neutral_176.png,neutral,3
focused_50.png,data/focused/focused_50.png,focused,1
neutral_318.jpg,data/neutral/neutral_318.jpg,neutral,3
neutral_434.png,data/neutral/neutral_434.png,neutral,3
focused_178.png,data/focused/focused_178.png,focused,1
neutral_309.png,data/neutral/neutral_309.png,neutral,3
neutral_144.png,data/neutral/neutral_144.png,neutral,3
focused_492.png,data/focused/focused_492.png,focused,1
neutral_20.png,data/neutral/neutral_20.png,neutral,3
focused_124.png,data/focused/focused_124.png,focused,1
focused_286.png,data/focused/focused_286.png,focused,1
angry_197.png,data/angry/angry_197.png,angry,0
focused_33.png,data/focused/focused_33.png,focused,1
happy_356.jpg,data/happy/happy_356.jpg,happy,2
happy_102.png,data/happy/happy_102.png,happy,2
focused_55.png,data/focused/focused_55.png,focused,1
focused_280.png,data/focused/focused_280.png,focused,1
focused_202.png,data/focused/focused_202.png,focused,1
neutral_495.png,data/neutral/neutral_495.png,neutral,3
neutral_335.png,data/neutral/neutral_335.png,neutral,3
neutral_289.png,data/neutral/neutral_289.png,neutral,3
neutral_476.jpg,data/neutral/neutral_476.jpg,neutral,3
angry_243.png,data/angry/angry_243.png,angry,0
happy_316.jpg,data/happy/happy_316.jpg,happy,2
happy_439.jpg,data/happy/happy_439.jpg,happy,2
neutral_12.png,data/neutral/neutral_12.png,neutral,3
focused_39.png,data/focused/focused_39.png,focused,1
happy_330.png,data/happy/happy_330.png,happy,2
happy_60.png,data/happy/happy_60.png,happy,2
focused_360.png,data/focused/focused_360.png,focused,1
happy_291.png,data/happy/happy_291.png,happy,2
angry_136.png,data/angry/angry_136.png,angry,0
angry_184.png,data/angry/angry_184.png,angry,0
angry_153.png,data/angry/angry_153.png,angry,0
neutral_312.jpg,data/neutral/neutral_312.jpg,neutral,3
neutral_225.png,data/neutral/neutral_225.png,neutral,3
neutral_252.png,data/neutral/neutral_252.png,neutral,3
focused_244.png,data/focused/focused_244.png,focused,1
happy_254.png,data/happy/happy_254.png,happy,2
neutral_104.png,data/neutral/neutral_104.png,neutral,3
angry_407.png,data/angry/angry_407.png,angry,0
angry_99.png,data/angry/angry_99.png,angry,0
focused_234.jpg,data/focused/focused_234.jpg,focused,1
happy_392.png,data/happy/happy_392.png,happy,2
focused_365.png,data/focused/focused_365.png,focused,1
focused_304.png,data/focused/focused_304.png,focused,1
happy_247.png,data/happy/happy_247.png,happy,2
happy_140.png,data/happy/happy_140.png,happy,2
angry_456.jpg,data/angry/angry_456.jpg,angry,0
focused_63.jpg,data/focused/focused_63.jpg,focused,1
neutral_58.jpg,data/neutral/neutral_58.jpg,neutral,3
happy_51.png,data/happy/happy_51.png,happy,2
happy_129.png,data/happy/happy_129.png,happy,2
happy_43.png,data/happy/happy_43.png,happy,2
neutral_257.png,data/neutral/neutral_257.png,neutral,3
angry_308.png,data/angry/angry_308.png,angry,0
angry_297.jpg,data/angry/angry_297.jpg,angry,0
angry_80.jpg,data/angry/angry_80.jpg,angry,0
focused_197.png,data/focused/focused_197.png,focused,1
happy_190.png,data/happy/happy_190.png,happy,2
angry_164.jpg,data/angry/angry_164.jpg,angry,0
neutral_80.png,data/neutral/neutral_80.png,neutral,3
happy_458.jpg,data/happy/happy_458.jpg,happy,2
focused_402.png,data/focused/focused_402.png,focused,1
angry_388.jpg,data/angry/angry_388.jpg,angry,0
neutral_420.png,data/neutral/neutral_420.png,neutral,3
happy_214.png,data/happy/happy_214.png,happy,2
happy_484.png,data/happy/happy_484.png,happy,2
focused_37.png,data/focused/focused_37.png,focused,1
neutral_118.png,data/neutral/neutral_118.png,neutral,3
focused_221.png,data/focused/focused_221.png,focused,1
focused_107.png,data/focused/focused_107.png,focused,1
angry_338.png,data/angry/angry_338.png,angry,0
angry_30.jpg,data/angry/angry_30.jpg,angry,0
focused_183.png,data/focused/focused_183.png,focused,1
focused_481.png,data/focused/focused_481.png,focused,1
focused_117.jpg,data/focused/focused_117.jpg,focused,1
happy_494.png,data/happy/happy_494.png,happy,2
neutral_431.png,data/neutral/neutral_431.png,neutral,3
focused_348.png,data/focused/focused_348.png,focused,1
happy_100.jpg,data/happy/happy_100.jpg,happy,2
angry_329.png,data/angry/angry_329.png,angry,0
happy_90.jpg,data/happy/happy_90.jpg,happy,2
focused_463.png,data/focused/focused_463.png,focused,1
focused_436.png,data/focused/focused_436.png,focused,1
happy_89.jpg,data/happy/happy_89.jpg,happy,2
happy_411.png,data/happy/happy_411.png,happy,2
neutral_470.png,data/neutral/neutral_470.png,neutral,3
focused_260.png,data/focused/focused_260.png,focused,1
angry_361.jpg,data/angry/angry_361.jpg,angry,0
happy_362.png,data/happy/happy_362.png,happy,2
focused_441.png,data/focused/focused_441.png,focused,1
neutral_99.png,data/neutral/neutral_99.png,neutral,3
happy_213.png,data/happy/happy_213.png,happy,2
happy_423.png,data/happy/happy_423.png,happy,2
happy_124.png,data/happy/happy_124.png,happy,2
neutral_328.png,data/neutral/neutral_328.png,neutral,3
happy_185.jpg,data/happy/happy_185.jpg,happy,2
angry_19.jpg,data/angry/angry_19.jpg,angry,0
angry_502.png,data/angry/angry_502.png,angry,0
happy_7.png,data/happy/happy_7.png,happy,2
focused_493.png,data/focused/focused_493.png,focused,1
happy_52.jpg,data/happy/happy_52.jpg,happy,2
angry_414.png,data/angry/angry_414.png,angry,0
happy_238.png,data/happy/happy_238.png,happy,2
angry_18.png,data/angry/angry_18.png,angry,0
focused_246.png,data/focused/focused_246.png,focused,1
focused_336.png,data/focused/focused_336.png,focused,1
happy_252.png,data/happy/happy_252.png,happy,2
neutral_11.png,data/neutral/neutral_11.png,neutral,3
angry_318.png,data/angry/angry_318.png,angry,0
angry_501.png,data/angry/angry_501.png,angry,0
focused_373.png,data/focused/focused_373.png,focused,1
happy_79.png,data/happy/happy_79.png,happy,2
happy_223.jpg,data/happy/happy_223.jpg,happy,2
happy_65.png,data/happy/happy_65.png,happy,2
focused_398.png,data/focused/focused_398.png,focused,1
angry_174.png,data/angry/angry_174.png,angry,0
angry_141.jpg,data/angry/angry_141.jpg,angry,0
angry_405.png,data/angry/angry_405.png,angry,0
focused_53.png,data/focused/focused_53.png,focused,1
neutral_185.png,data/neutral/neutral_185.png,neutral,3
happy_509.png,data/happy/happy_509.png,happy,2
angry_87.png,data/angry/angry_87.png,angry,0
neutral_133.png,data/neutral/neutral_133.png,neutral,3
neutral_316.png,data/neutral/neutral_316.png,neutral,3
neutral_194.jpg,data/neutral/neutral_194.jpg,neutral,3
neutral_415.png,data/neutral/neutral_415.png,neutral,3
focused_116.png,data/focused/focused_116.png,focused,1
neutral_163.png,data/neutral/neutral_163.png,neutral,3
happy_42.png,data/happy/happy_42.png,happy,2
angry_144.jpg,data/angry/angry_144.jpg,angry,0
angry_172.jpg,data/angry/angry_172.jpg,angry,0
neutral_369.png,data/neutral/neutral_369.png,neutral,3
neutral_213.jpg,data/neutral/neutral_213.jpg,neutral,3
angry_118.png,data/angry/angry_118.png,angry,0
happy_176.png,data/happy/happy_176.png,happy,2
neutral_41.png,data/neutral/neutral_41.png,neutral,3
happy_467.png,data/happy/happy_467.png,happy,2
neutral_422.png,data/neutral/neutral_422.png,neutral,3
neutral_298.png,data/neutral/neutral_298.png,neutral,3
angry_325.jpg,data/angry/angry_325.jpg,angry,0
happy_225.jpg,data/happy/happy_225.jpg,happy,2
happy_306.png,data/happy/happy_306.png,happy,2
angry_347.png,data/angry/angry_347.png,angry,0
angry_367.png,data/angry/angry_367.png,angry,0
angry_459.jpg,data/angry/angry_459.jpg,angry,0
neutral_49.png,data/neutral/neutral_49.png,neutral,3
focused_261.png,data/focused/focused_261.png,focused,1
focused_423.png,data/focused/focused_423.png,focused,1
happy_497.png,data/happy/happy_497.png,happy,2
angry_64.jpg,data/angry/angry_64.jpg,angry,0
neutral_135.png,data/neutral/neutral_135.png,neutral,3
angry_44.jpg,data/angry/angry_44.jpg,angry,0
focused_165.png,data/focused/focused_165.png,focused,1
focused_331.png,data/focused/focused_331.png,focused,1
neutral_39.png,data/neutral/neutral_39.png,neutral,3
focused_404.png,data/focused/focused_404.png,focused,1
neutral_114.png,data/neutral/neutral_114.png,neutral,3
neutral_120.png,data/neutral/neutral_120.png,neutral,3
focused_356.png,data/focused/focused_356.png,focused,1
happy_346.png,data/happy/happy_346.png,happy,2
angry_362.jpg,data/angry/angry_362.jpg,angry,0
focused_447.png,data/focused/focused_447.png,focused,1
angry_53.png,data/angry/angry_53.png,angry,0
neutral_86.png,data/neutral/neutral_86.png,neutral,3
focused_2.png,data/focused/focused_2.png,focused,1
angry_463.jpg,data/angry/angry_463.jpg,angry,0
neutral_421.png,data/neutral/neutral_421.png,neutral,3
focused_245.png,data/focused/focused_245.png,focused,1
happy_208.jpg,data/happy/happy_208.jpg,happy,2
focused_189.png,data/focused/focused_189.png,focused,1
neutral_96.jpg,data/neutral/neutral_96.jpg,neutral,3
happy_150.png,data/happy/happy_150.png,happy,2
angry_91.png,data/angry/angry_91.png,angry,0
angry_79.png,data/angry/angry_79.png,angry,0
angry_26.jpg,data/angry/angry_26.jpg,angry,0
neutral_405.png,data/neutral/neutral_405.png,neutral,3
neutral_145.png,data/neutral/neutral_145.png,neutral,3
happy_62.png,data/happy/happy_62.png,happy,2
focused_12.png,data/focused/focused_12.png,focused,1
neutral_76.png,data/neutral/neutral_76.png,neutral,3
happy_462.png,data/happy/happy_462.png,happy,2
happy_317.jpg,data/happy/happy_317.jpg,happy,2
angry_343.png,data/angry/angry_343.png,angry,0
neutral_276.png,data/neutral/neutral_276.png,neutral,3
neutral_259.png,data/neutral/neutral_259.png,neutral,3
happy_157.jpg,data/happy/happy_157.jpg,happy,2
angry_223.png,data/angry/angry_223.png,angry,0
focused_61.png,data/focused/focused_61.png,focused,1
neutral_468.jpg,data/neutral/neutral_468.jpg,neutral,3
angry_212.png,data/angry/angry_212.png,angry,0
happy_121.png,data/happy/happy_121.png,happy,2
happy_146.png,data/happy/happy_146.png,happy,2
angry_46.png,data/angry/angry_46.png,angry,0
angry_418.jpg,data/angry/angry_418.jpg,angry,0
focused_394.png,data/focused/focused_394.png,focused,1
focused_417.png,data/focused/focused_417.png,focused,1
happy_486.png,data/happy/happy_486.png,happy,2
focused_314.png,data/focused/focused_314.png,focused,1
focused_263.png,data/focused/focused_263.png,focused,1
focused_248.png,data/focused/focused_248.png,focused,1
happy_430.png,data/happy/happy_430.png,happy,2
neutral_124.jpg,data/neutral/neutral_124.jpg,neutral,3
happy_75.png,data/happy/happy_75.png,happy,2
happy_199.jpg,data/happy/happy_199.jpg,happy,2
neutral_347.png,data/neutral/neutral_347.png,neutral,3
happy_41.png,data/happy/happy_41.png,happy,2
happy_12.jpg,data/happy/happy_12.jpg,happy,2
angry_96.jpg,data/angry/angry_96.jpg,angry,0
happy_443.jpg,data/happy/happy_443.jpg,happy,2
angry_150.jpg,data/angry/angry_150.jpg,angry,0
focused_181.png,data/focused/focused_181.png,focused,1
neutral_455.png,data/neutral/neutral_455.png,neutral,3
angry_253.png,data/angry/angry_253.png,angry,0
focused_473.jpg,data/focused/focused_473.jpg,focused,1
focused_84.png,data/focused/focused_84.png,focused,1
neutral_26.jpg,data/neutral/neutral_26.jpg,neutral,3
angry_278.jpg,data/angry/angry_278.jpg,angry,0
happy_178.jpg,data/happy/happy_178.jpg,happy,2
happy_196.png,data/happy/happy_196.png,happy,2
happy_352.png,data/happy/happy_352.png,happy,2
angry_337.png,data/angry/angry_337.png,angry,0
neutral_66.png,data/neutral/neutral_66.png,neutral,3
neutral_31.png,data/neutral/neutral_31.png,neutral,3
neutral_33.png,data/neutral/neutral_33.png,neutral,3
happy_224.png,data/happy/happy_224.png,happy,2
focused_269.png,data/focused/focused_269.png,focused,1
neutral_381.png,data/neutral/neutral_381.png,neutral,3
angry_159.png,data/angry/angry_159.png,angry,0
happy_237.jpg,data/happy/happy_237.jpg,happy,2
happy_304.png,data/happy/happy_304.png,happy,2
angry_480.jpg,data/angry/angry_480.jpg,angry,0
angry_263.png,data/angry/angry_263.png,angry,0
neutral_92.jpg,data/neutral/neutral_92.jpg,neutral,3
focused_440.png,data/focused/focused_440.png,focused,1
neutral_407.png,data/neutral/neutral_407.png,neutral,3
angry_323.png,data/angry/angry_323.png,angry,0
focused_91.jpg,data/focused/focused_91.jpg,focused,1
focused_89.jpg,data/focused/focused_89.jpg,focused,1
neutral_480.png,data/neutral/neutral_480.png,neutral,3
focused_184.png,data/focused/focused_184.png,focused,1
happy_105.png,data/happy/happy_105.png,happy,2
neutral_348.png,data/neutral/neutral_348.png,neutral,3
neutral_307.png,data/neutral/neutral_307.png,neutral,3
neutral_109.png,data/neutral/neutral_109.png,neutral,3
focused_16.png,data/focused/focused_16.png,focused,1
happy_292.jpg,data/happy/happy_292.jpg,happy,2
angry_166.jpg,data/angry/angry_166.jpg,angry,0
angry_292.png,data/angry/angry_292.png,angry,0
neutral_201.png,data/neutral/neutral_201.png,neutral,3
focused_419.png,data/focused/focused_419.png,focused,1
happy_350.png,data/happy/happy_350.png,happy,2
angry_142.jpg,data/angry/angry_142.jpg,angry,0
neutral_296.jpg,data/neutral/neutral_296.jpg,neutral,3
happy_36.png,data/happy/happy_36.png,happy,2
focused_28.png,data/focused/focused_28.png,focused,1
neutral_37.jpg,data/neutral/neutral_37.jpg,neutral,3
focused_140.jpeg,data/focused/focused_140.jpeg,focused,1
happy_241.jpg,data/happy/happy_241.jpg,happy,2
angry_365.png,data/angry/angry_365.png,angry,0
neutral_171.jpg,data/neutral/neutral_171.jpg,neutral,3
happy_341.png,data/happy/happy_341.png,happy,2
angry_493.png,data/angry/angry_493.png,angry,0
neutral_222.png,data/neutral/neutral_222.png,neutral,3
focused_8.png,data/focused/focused_8.png,focused,1
angry_377.png,data/angry/angry_377.png,angry,0
happy_451.png,data/happy/happy_451.png,happy,2
happy_289.png,data/happy/happy_289.png,happy,2
angry_441.png,data/angry/angry_441.png,angry,0
focused_177.png,data/focused/focused_177.png,focused,1
focused_384.png,data/focused/focused_384.png,focused,1
angry_442.png,data/angry/angry_442.png,angry,0
focused_499.png,data/focused/focused_499.png,focused,1
focused_292.png,data/focused/focused_292.png,focused,1
angry_483.jpg,data/angry/angry_483.jpg,angry,0
happy_40.png,data/happy/happy_40.png,happy,2
neutral_161.png,data/neutral/neutral_161.png,neutral,3
neutral_350.png,data/neutral/neutral_350.png,neutral,3
angry_378.png,data/angry/angry_378.png,angry,0
neutral_122.png,data/neutral/neutral_122.png,neutral,3
angry_233.png,data/angry/angry_233.png,angry,0
neutral_506.png,data/neutral/neutral_506.png,neutral,3
neutral_388.png,data/neutral/neutral_388.png,neutral,3
angry_464.png,data/angry/angry_464.png,angry,0
focused_468.png,data/focused/focused_468.png,focused,1
focused_98.png,data/focused/focused_98.png,focused,1
angry_476.png,data/angry/angry_476.png,angry,0
angry_111.png,data/angry/angry_111.png,angry,0
happy_323.png,data/happy/happy_323.png,happy,2
angry_123.png,data/angry/angry_123.png,angry,0
happy_456.jpg,data/happy/happy_456.jpg,happy,2
focused_146.png,data/focused/focused_146.png,focused,1
neutral_93.jpg,data/neutral/neutral_93.jpg,neutral,3
happy_131.jpg,data/happy/happy_131.jpg,happy,2
angry_369.jpg,data/angry/angry_369.jpg,angry,0
angry_434.jpg,data/angry/angry_434.jpg,angry,0
happy_6.png,data/happy/happy_6.png,happy,2
focused_85.png,data/focused/focused_85.png,focused,1
focused_48.png,data/focused/focused_48.png,focused,1
neutral_471.jpg,data/neutral/neutral_471.jpg,neutral,3
neutral_24.png,data/neutral/neutral_24.png,neutral,3
happy_64.png,data/happy/happy_64.png,happy,2
neutral_212.png,data/neutral/neutral_212.png,neutral,3
angry_261.png,data/angry/angry_261.png,angry,0
angry_457.png,data/angry/angry_457.png,angry,0
happy_426.png,data/happy/happy_426.png,happy,2
neutral_390.png,data/neutral/neutral_390.png,neutral,3
happy_436.png,data/happy/happy_436.png,happy,2
happy_70.png,data/happy/happy_70.png,happy,2
neutral_196.png,data/neutral/neutral_196.png,neutral,3
happy_160.png,data/happy/happy_160.png,happy,2
neutral_230.png,data/neutral/neutral_230.png,neutral,3
happy_183.jpg,data/happy/happy_183.jpg,happy,2
angry_101.jpg,data/angry/angry_101.jpg,angry,0
angry_304.png,data/angry/angry_304.png,angry,0
happy_144.jpg,data/happy/happy_144.jpg,happy,2
neutral_288.png,data/neutral/neutral_288.png,neutral,3
neutral_503.jpg,data/neutral/neutral_503.jpg,neutral,3
focused_294.png,data/focused/focused_294.png,focused,1
angry_157.png,data/angry/angry_157.png,angry,0
angry_412.png,data/angry/angry_412.png,angry,0
focused_87.jpg,data/focused/focused_87.jpg,focused,1
neutral_279.png,data/neutral/neutral_279.png,neutral,3
neutral_408.jpg,data/neutral/neutral_408.jpg,neutral,3
angry_183.png,data/angry/angry_183.png,angry,0
focused_213.png,data/focused/focused_213.png,focused,1
focused_251.png,data/focused/focused_251.png,focused,1
focused_133.png,data/focused/focused_133.png,focused,1
neutral_425.png,data/neutral/neutral_425.png,neutral,3
happy_445.png,data/happy/happy_445.png,happy,2
neutral_189.jpg,data/neutral/neutral_189.jpg,neutral,3
focused_295.png,data/focused/focused_295.png,focused,1
neutral_166.png,data/neutral/neutral_166.png,neutral,3
neutral_215.png,data/neutral/neutral_215.png,neutral,3
angry_200.png,data/angry/angry_200.png,angry,0
happy_320.png,data/happy/happy_320.png,happy,2
focused_93.png,data/focused/focused_93.png,focused,1
happy_363.jpg,data/happy/happy_363.jpg,happy,2
angry_3.png,data/angry/angry_3.png,angry,0
angry_139.png,data/angry/angry_139.png,angry,0
happy_294.png,data/happy/happy_294.png,happy,2
focused_382.png,data/focused/focused_382.png,focused,1
focused_26.png,data/focused/focused_26.png,focused,1
neutral_231.png,data/neutral/neutral_231.png,neutral,3
happy_4.png,data/happy/happy_4.png,happy,2
focused_76.png,data/focused/focused_76.png,focused,1
focused_501.jpg,data/focused/focused_501.jpg,focused,1
angry_284.png,data/angry/angry_284.png,angry,0
neutral_464.png,data/neutral/neutral_464.png,neutral,3
angry_255.png,data/angry/angry_255.png,angry,0
neutral_308.png,data/neutral/neutral_308.png,neutral,3
angry_66.png,data/angry/angry_66.png,angry,0
neutral_159.png,data/neutral/neutral_159.png,neutral,3
angry_301.jpg,data/angry/angry_301.jpg,angry,0
neutral_332.png,data/neutral/neutral_332.png,neutral,3
focused_58.png,data/focused/focused_58.png,focused,1
neutral_14.png,data/neutral/neutral_14.png,neutral,3
happy_446.png,data/happy/happy_446.png,happy,2
angry_404.png,data/angry/angry_404.png,angry,0
neutral_371.png,data/neutral/neutral_371.png,neutral,3
focused_121.png,data/focused/focused_121.png,focused,1
angry_451.png,data/angry/angry_451.png,angry,0
neutral_394.png,data/neutral/neutral_394.png,neutral,3
focused_122.png,data/focused/focused_122.png,focused,1
happy_215.png,data/happy/happy_215.png,happy,2
focused_339.png,data/focused/focused_339.png,focused,1
neutral_414.png,data/neutral/neutral_414.png,neutral,3
focused_40.png,data/focused/focused_40.png,focused,1
focused_142.png,data/focused/focused_142.png,focused,1
happy_203.jpg,data/happy/happy_203.jpg,happy,2
focused_69.png,data/focused/focused_69.png,focused,1
happy_200.png,data/happy/happy_200.png,happy,2
happy_290.png,data/happy/happy_290.png,happy,2
angry_454.png,data/angry/angry_454.png,angry,0
happy_123.png,data/happy/happy_123.png,happy,2
angry_472.png,data/angry/angry_472.png,angry,0
focused_204.png,data/focused/focused_204.png,focused,1
angry_95.jpg,data/angry/angry_95.jpg,angry,0
focused_185.png,data/focused/focused_185.png,focused,1
focused_32.png,data/focused/focused_32.png,focused,1
happy_354.png,data/happy/happy_354.png,happy,2
happy_491.png,data/happy/happy_491.png,happy,2
happy_31.png,data/happy/happy_31.png,happy,2
happy_257.jpg,data/happy/happy_257.jpg,happy,2
focused_68.png,data/focused/focused_68.png,focused,1
happy_186.png,data/happy/happy_186.png,happy,2
focused_30.jpg,data/focused/focused_30.jpg,focused,1
focused_357.png,data/focused/focused_357.png,focused,1
angry_17.png,data/angry/angry_17.png,angry,0
angry_364.png,data/angry/angry_364.png,angry,0
focused_346.png,data/focused/focused_346.png,focused,1
angry_27.jpg,data/angry/angry_27.jpg,angry,0
happy_459.jpg,data/happy/happy_459.jpg,happy,2
angry_402.png,data/angry/angry_402.png,angry,0
focused_110.png,data/focused/focused_110.png,focused,1
neutral_61.jpg,data/neutral/neutral_61.jpg,neutral,3
angry_218.png,data/angry/angry_218.png,angry,0
neutral_428.jpg,data/neutral/neutral_428.jpg,neutral,3
angry_353.png,data/angry/angry_353.png,angry,0
happy_349.png,data/happy/happy_349.png,happy,2
angry_230.png,data/angry/angry_230.png,angry,0
neutral_35.png,data/neutral/neutral_35.png,neutral,3
neutral_154.png,data/neutral/neutral_154.png,neutral,3
angry_226.png,data/angry/angry_226.png,angry,0
neutral_177.png,data/neutral/neutral_177.png,neutral,3
focused_41.png,data/focused/focused_41.png,focused,1
angry_82.png,data/angry/angry_82.png,angry,0
happy_282.png,data/happy/happy_282.png,happy,2
focused_195.png,data/focused/focused_195.png,focused,1
focused_173.png,data/focused/focused_173.png,focused,1
focused_401.png,data/focused/focused_401.png,focused,1
focused_376.png,data/focused/focused_376.png,focused,1
focused_78.png,data/focused/focused_78.png,focused,1
happy_8.jpg,data/happy/happy_8.jpg,happy,2
happy_361.png,data/happy/happy_361.png,happy,2
neutral_181.jpg,data/neutral/neutral_181.jpg,neutral,3
focused_138.png,data/focused/focused_138.png,focused,1
focused_381.png,data/focused/focused_381.png,focused,1
neutral_442.png,data/neutral/neutral_442.png,neutral,3
angry_374.png,data/angry/angry_374.png,angry,0
angry_56.jpg,data/angry/angry_56.jpg,angry,0
angry_22.png,data/angry/angry_22.png,angry,0
focused_389.png,data/focused/focused_389.png,focused,1
angry_155.png,data/angry/angry_155.png,angry,0
focused_467.png,data/focused/focused_467.png,focused,1
neutral_491.png,data/neutral/neutral_491.png,neutral,3
focused_118.png,data/focused/focused_118.png,focused,1
happy_395.png,data/happy/happy_395.png,happy,2
happy_68.png,data/happy/happy_68.png,happy,2
focused_144.png,data/focused/focused_144.png,focused,1
neutral_117.png,data/neutral/neutral_117.png,neutral,3
focused_200.jpg,data/focused/focused_200.jpg,focused,1
focused_205.png,data/focused/focused_205.png,focused,1
angry_55.png,data/angry/angry_55.png,angry,0
focused_450.png,data/focused/focused_450.png,focused,1
neutral_352.jpg,data/neutral/neutral_352.jpg,neutral,3
focused_385.png,data/focused/focused_385.png,focused,1
happy_77.png,data/happy/happy_77.png,happy,2
neutral_7.jpg,data/neutral/neutral_7.jpg,neutral,3
neutral_139.png,data/neutral/neutral_139.png,neutral,3
angry_430.png,data/angry/angry_430.png,angry,0
happy_442.png,data/happy/happy_442.png,happy,2
happy_49.jpg,data/happy/happy_49.jpg,happy,2
angry_145.png,data/angry/angry_145.png,angry,0
angry_482.png,data/angry/angry_482.png,angry,0
happy_469.png,data/happy/happy_469.png,happy,2
neutral_449.png,data/neutral/neutral_449.png,neutral,3
focused_430.png,data/focused/focused_430.png,focused,1
neutral_129.png,data/neutral/neutral_129.png,neutral,3
happy_106.jpg,data/happy/happy_106.jpg,happy,2
focused_350.png,data/focused/focused_350.png,focused,1
happy_169.png,data/happy/happy_169.png,happy,2
focused_209.png,data/focused/focused_209.png,focused,1
happy_120.jpg,data/happy/happy_120.jpg,happy,2
angry_192.jpg,data/angry/angry_192.jpg,angry,0
neutral_38.png,data/neutral/neutral_38.png,neutral,3
focused_271.png,data/focused/focused_271.png,focused,1
neutral_344.png,data/neutral/neutral_344.png,neutral,3
happy_420.jpg,data/happy/happy_420.jpg,happy,2
neutral_25.png,data/neutral/neutral_25.png,neutral,3
happy_210.jpg,data/happy/happy_210.jpg,happy,2
neutral_146.png,data/neutral/neutral_146.png,neutral,3
angry_58.png,data/angry/angry_58.png,angry,0
focused_172.png,data/focused/focused_172.png,focused,1
focused_303.png,data/focused/focused_303.png,focused,1
neutral_430.png,data/neutral/neutral_430.png,neutral,3
happy_435.png,data/happy/happy_435.png,happy,2
neutral_209.png,data/neutral/neutral_209.png,neutral,3
focused_71.png,data/focused/focused_71.png,focused,1
happy_273.jpg,data/happy/happy_273.jpg,happy,2
focused_474.jpg,data/focused/focused_474.jpg,focused,1
happy_117.png,data/happy/happy_117.png,happy,2
happy_227.jpg,data/happy/happy_227.jpg,happy,2
focused_150.png,data/focused/focused_150.png,focused,1
happy_404.png,data/happy/happy_404.png,happy,2
focused_104.png,data/focused/focused_104.png,focused,1
happy_28.jpg,data/happy/happy_28.jpg,happy,2
happy_164.png,data/happy/happy_164.png,happy,2
happy_337.png,data/happy/happy_337.png,happy,2
focused_380.png,data/focused/focused_380.png,focused,1
neutral_78.png,data/neutral/neutral_78.png,neutral,3
happy_114.png,data/happy/happy_114.png,happy,2
focused_400.png,data/focused/focused_400.png,focused,1
angry_194.png,data/angry/angry_194.png,angry,0
angry_452.png,data/angry/angry_452.png,angry,0
happy_98.jpg,data/happy/happy_98.jpg,happy,2
angry_280.jpg,data/angry/angry_280.jpg,angry,0
happy_338.png,data/happy/happy_338.png,happy,2
focused_83.png,data/focused/focused_83.png,focused,1
focused_325.jpg,data/focused/focused_325.jpg,focused,1
angry_114.jpg,data/angry/angry_114.jpg,angry,0
neutral_263.png,data/neutral/neutral_263.png,neutral,3
angry_134.jpg,data/angry/angry_134.jpg,angry,0
neutral_21.png,data/neutral/neutral_21.png,neutral,3
focused_422.jpg,data/focused/focused_422.jpg,focused,1
happy_234.png,data/happy/happy_234.png,happy,2
neutral_467.png,data/neutral/neutral_467.png,neutral,3
angry_94.png,data/angry/angry_94.png,angry,0
happy_374.png,data/happy/happy_374.png,happy,2
focused_435.png,data/focused/focused_435.png,focused,1
neutral_479.png,data/neutral/neutral_479.png,neutral,3
neutral_356.png,data/neutral/neutral_356.png,neutral,3
neutral_126.jpg,data/neutral/neutral_126.jpg,neutral,3
focused_268.png,data/focused/focused_268.png,focused,1
neutral_261.jpg,data/neutral/neutral_261.jpg,neutral,3
angry_81.png,data/angry/angry_81.png,angry,0
neutral_483.png,data/neutral/neutral_483.png,neutral,3
neutral_485.png,data/neutral/neutral_485.png,neutral,3
angry_177.png,data/angry/angry_177.png,angry,0
angry_215.png,data/angry/angry_215.png,angry,0
angry_9.png,data/angry/angry_9.png,angry,0
neutral_306.png,data/neutral/neutral_306.png,neutral,3
angry_415.jpg,data/angry/angry_415.jpg,angry,0
happy_359.jpg,data/happy/happy_359.jpg,happy,2
angry_225.png,data/angry/angry_225.png,angry,0
happy_109.png,data/happy/happy_109.png,happy,2
happy_324.jpg,data/happy/happy_324.jpg,happy,2
focused_317.png,data/focused/focused_317.png,focused,1
neutral_291.jpg,data/neutral/neutral_291.jpg,neutral,3
happy_399.png,data/happy/happy_399.png,happy,2
angry_29.png,data/angry/angry_29.png,angry,0
neutral_138.png,data/neutral/neutral_138.png,neutral,3
angry_156.jpg,data/angry/angry_156.jpg,angry,0
focused_255.png,data/focused/focused_255.png,focused,1
neutral_187.png,data/neutral/neutral_187.png,neutral,3
neutral_345.png,data/neutral/neutral_345.png,neutral,3
happy_151.png,data/happy/happy_151.png,happy,2
focused_136.png,data/focused/focused_136.png,focused,1
angry_460.png,data/angry/angry_460.png,angry,0
angry_135.png,data/angry/angry_135.png,angry,0
neutral_376.png,data/neutral/neutral_376.png,neutral,3
happy_24.png,data/happy/happy_24.png,happy,2
focused_466.png,data/focused/focused_466.png,focused,1
happy_334.jpg,data/happy/happy_334.jpg,happy,2
focused_366.png,data/focused/focused_366.png,focused,1
focused_77.png,data/focused/focused_77.png,focused,1
angry_366.jpg,data/angry/angry_366.jpg,angry,0
happy_218.jpg,data/happy/happy_218.jpg,happy,2
neutral_481.jpg,data/neutral/neutral_481.jpg,neutral,3
focused_407.jpg,data/focused/focused_407.jpg,focused,1
focused_207.png,data/focused/focused_207.png,focused,1
happy_504.png,data/happy/happy_504.png,happy,2
happy_67.png,data/happy/happy_67.png,happy,2
neutral_484.jpg,data/neutral/neutral_484.jpg,neutral,3
angry_437.png,data/angry/angry_437.png,angry,0
angry_376.png,data/angry/angry_376.png,angry,0
happy_175.png,data/happy/happy_175.png,happy,2
neutral_180.png,data/neutral/neutral_180.png,neutral,3
happy_154.jpg,data/happy/happy_154.jpg,happy,2
neutral_19.png,data/neutral/neutral_19.png,neutral,3
focused_106.png,data/focused/focused_106.png,focused,1
happy_72.jpg,data/happy/happy_72.jpg,happy,2
happy_14.png,data/happy/happy_14.png,happy,2
happy_173.jpg,data/happy/happy_173.jpg,happy,2
angry_314.png,data/angry/angry_314.png,angry,0
happy_226.png,data/happy/happy_226.png,happy,2
angry_11.png,data/angry/angry_11.png,angry,0
neutral_331.png,data/neutral/neutral_331.png,neutral,3
angry_387.png,data/angry/angry_387.png,angry,0
happy_153.jpg,data/happy/happy_153.jpg,happy,2
angry_131.png,data/angry/angry_131.png,angry,0
angry_339.png,data/angry/angry_339.png,angry,0
neutral_253.jpg,data/neutral/neutral_253.jpg,neutral,3
neutral_243.png,data/neutral/neutral_243.png,neutral,3
focused_95.png,data/focused/focused_95.png,focused,1
happy_332.jpg,data/happy/happy_332.jpg,happy,2
neutral_313.jpg,data/neutral/neutral_313.jpg,neutral,3
happy_95.jpg,data/happy/happy_95.jpg,happy,2
neutral_55.png,data/neutral/neutral_55.png,neutral,3
neutral_419.jpg,data/neutral/neutral_419.jpg,neutral,3
happy_167.png,data/happy/happy_167.png,happy,2
focused_309.png,data/focused/focused_309.png,focused,1
neutral_248.png,data/neutral/neutral_248.png,neutral,3
neutral_4.png,data/neutral/neutral_4.png,neutral,3
angry_351.png,data/angry/angry_351.png,angry,0
happy_202.jpg,data/happy/happy_202.jpg,happy,2
neutral_461.png,data/neutral/neutral_461.png,neutral,3
happy_286.jpg,data/happy/happy_286.jpg,happy,2
angry_295.png,data/angry/angry_295.png,angry,0
neutral_440.png,data/neutral/neutral_440.png,neutral,3
focused_6.jpg,data/focused/focused_6.jpg,focused,1
focused_323.png,data/focused/focused_323.png,focused,1
angry_461.png,data/angry/angry_461.png,angry,0
neutral_239.png,data/neutral/neutral_239.png,neutral,3
happy_152.png,data/happy/happy_152.png,happy,2
neutral_106.jpg,data/neutral/neutral_106.jpg,neutral,3
focused_443.jpg,data/focused/focused_443.jpg,focused,1
focused_208.png,data/focused/focused_208.png,focused,1
neutral_378.png,data/neutral/neutral_378.png,neutral,3
neutral_342.jpg,data/neutral/neutral_342.jpg,neutral,3
neutral_354.png,data/neutral/neutral_354.png,neutral,3
neutral_487.png,data/neutral/neutral_487.png,neutral,3
happy_428.jpg,data/happy/happy_428.jpg,happy,2
happy_48.jpg,data/happy/happy_48.jpg,happy,2
focused_297.png,data/focused/focused_297.png,focused,1
happy_86.png,data/happy/happy_86.png,happy,2
angry_266.png,data/angry/angry_266.png,angry,0
neutral_384.png,data/neutral/neutral_384.png,neutral,3
angry_448.jpg,data/angry/angry_448.jpg,angry,0
angry_272.png,data/angry/angry_272.png,angry,0
neutral_433.png,data/neutral/neutral_433.png,neutral,3
neutral_123.jpg,data/neutral/neutral_123.jpg,neutral,3
focused_52.png,data/focused/focused_52.png,focused,1
focused_482.png,data/focused/focused_482.png,focused,1
happy_204.png,data/happy/happy_204.png,happy,2
focused_274.png,data/focused/focused_274.png,focused,1
focused_27.png,data/focused/focused_27.png,focused,1
focused_70.png,data/focused/focused_70.png,focused,1
happy_236.png,data/happy/happy_236.png,happy,2
focused_201.png,data/focused/focused_201.png,focused,1
neutral_162.jpg,data/neutral/neutral_162.jpg,neutral,3
happy_412.png,data/happy/happy_412.png,happy,2
focused_250.png,data/focused/focused_250.png,focused,1
angry_104.jpg,data/angry/angry_104.jpg,angry,0
angry_279.png,data/angry/angry_279.png,angry,0
happy_470.png,data/happy/happy_470.png,happy,2
neutral_101.jpg,data/neutral/neutral_101.jpg,neutral,3
neutral_10.png,data/neutral/neutral_10.png,neutral,3
angry_41.png,data/angry/angry_41.png,angry,0
happy_271.png,data/happy/happy_271.png,happy,2
happy_302.png,data/happy/happy_302.png,happy,2
neutral_167.jpg,data/neutral/neutral_167.jpg,neutral,3
happy_179.jpg,data/happy/happy_179.jpg,happy,2
focused_418.png,data/focused/focused_418.png,focused,1
happy_170.png,data/happy/happy_170.png,happy,2
focused_266.png,data/focused/focused_266.png,focused,1
focused_483.png,data/focused/focused_483.png,focused,1
neutral_98.jpg,data/neutral/neutral_98.jpg,neutral,3
neutral_280.png,data/neutral/neutral_280.png,neutral,3
focused_355.jpg,data/focused/focused_355.jpg,focused,1
happy_158.png,data/happy/happy_158.png,happy,2
happy_111.jpg,data/happy/happy_111.jpg,happy,2
angry_140.jpg,data/angry/angry_140.jpg,angry,0
neutral_320.png,data/neutral/neutral_320.png,neutral,3
focused_444.png,data/focused/focused_444.png,focused,1
happy_421.jpg,data/happy/happy_421.jpg,happy,2
happy_156.png,data/happy/happy_156.png,happy,2
focused_75.png,data/focused/focused_75.png,focused,1
focused_277.png,data/focused/focused_277.png,focused,1
angry_180.png,data/angry/angry_180.png,angry,0
neutral_302.png,data/neutral/neutral_302.png,neutral,3
angry_436.png,data/angry/angry_436.png,angry,0
neutral_51.png,data/neutral/neutral_51.png,neutral,3
neutral_477.png,data/neutral/neutral_477.png,neutral,3
focused_161.png,data/focused/focused_161.png,focused,1
happy_187.png,data/happy/happy_187.png,happy,2
neutral_412.jpg,data/neutral/neutral_412.jpg,neutral,3
focused_19.png,data/focused/focused_19.png,focused,1
angry_345.png,data/angry/angry_345.png,angry,0
happy_58.png,data/happy/happy_58.png,happy,2
angry_268.jpg,data/angry/angry_268.jpg,angry,0
angry_210.png,data/angry/angry_210.png,angry,0
neutral_240.jpg,data/neutral/neutral_240.jpg,neutral,3
happy_498.png,data/happy/happy_498.png,happy,2
happy_450.png,data/happy/happy_450.png,happy,2
focused_405.png,data/focused/focused_405.png,focused,1
angry_357.jpg,data/angry/angry_357.jpg,angry,0
neutral_361.png,data/neutral/neutral_361.png,neutral,3
happy_425.png,data/happy/happy_425.png,happy,2
neutral_245.png,data/neutral/neutral_245.png,neutral,3
neutral_268.png,data/neutral/neutral_268.png,neutral,3
focused_396.png,data/focused/focused_396.png,focused,1
happy_310.jpg,data/happy/happy_310.jpg,happy,2
angry_409.png,data/angry/angry_409.png,angry,0
angry_368.png,data/angry/angry_368.png,angry,0
happy_264.png,data/happy/happy_264.png,happy,2
focused_252.png,data/focused/focused_252.png,focused,1
angry_422.png,data/angry/angry_422.png,angry,0
angry_477.png,data/angry/angry_477.png,angry,0
angry_399.png,data/angry/angry_399.png,angry,0
angry_444.png,data/angry/angry_444.png,angry,0
neutral_186.png,data/neutral/neutral_186.png,neutral,3
happy_165.jpg,data/happy/happy_165.jpg,happy,2
angry_333.png,data/angry/angry_333.png,angry,0
focused_100.png,data/focused/focused_100.png,focused,1
happy_413.jpg,data/happy/happy_413.jpg,happy,2
happy_104.jpg,data/happy/happy_104.jpg,happy,2
happy_116.jpg,data/happy/happy_116.jpg,happy,2
happy_489.png,data/happy/happy_489.png,happy,2
neutral_429.png,data/neutral/neutral_429.png,neutral,3
angry_84.jpg,data/angry/angry_84.jpg,angry,0
happy_339.png,data/happy/happy_339.png,happy,2
angry_408.jpg,data/angry/angry_408.jpg,angry,0
angry_68.jpg,data/angry/angry_68.jpg,angry,0
angry_228.png,data/angry/angry_228.png,angry,0
neutral_502.png,data/neutral/neutral_502.png,neutral,3
focused_449.png,data/focused/focused_449.png,focused,1
focused_125.jpg,data/focused/focused_125.jpg,focused,1
focused_217.png,data/focused/focused_217.png,focused,1
happy_457.png,data/happy/happy_457.png,happy,2
neutral_460.png,data/neutral/neutral_460.png,neutral,3
focused_283.png,data/focused/focused_283.png,focused,1
neutral_269.png,data/neutral/neutral_269.png,neutral,3
angry_34.png,data/angry/angry_34.png,angry,0
neutral_74.png,data/neutral/neutral_74.png,neutral,3
happy_184.png,data/happy/happy_184.png,happy,2
neutral_197.png,data/neutral/neutral_197.png,neutral,3
neutral_156.png,data/neutral/neutral_156.png,neutral,3
focused_335.png,data/focused/focused_335.png,focused,1
happy_277.png,data/happy/happy_277.png,happy,2
focused_369.jpg,data/focused/focused_369.jpg,focused,1
focused_115.png,data/focused/focused_115.png,focused,1
happy_244.png,data/happy/happy_244.png,happy,2
neutral_184.png,data/neutral/neutral_184.png,neutral,3
happy_391.png,data/happy/happy_391.png,happy,2
angry_425.jpg,data/angry/angry_425.jpg,angry,0
happy_298.png,data/happy/happy_298.png,happy,2
happy_488.png,data/happy/happy_488.png,happy,2
angry_170.png,data/angry/angry_170.png,angry,0
neutral_482.png,data/neutral/neutral_482.png,neutral,3
angry_216.jpg,data/angry/angry_216.jpg,angry,0
neutral_110.png,data/neutral/neutral_110.png,neutral,3
angry_48.png,data/angry/angry_48.png,angry,0
neutral_18.png,data/neutral/neutral_18.png,neutral,3
focused_187.png,data/focused/focused_187.png,focused,1
angry_269.png,data/angry/angry_269.png,angry,0
focused_43.png,data/focused/focused_43.png,focused,1
happy_327.jpg,data/happy/happy_327.jpg,happy,2
happy_201.png,data/happy/happy_201.png,happy,2
neutral_418.jpg,data/neutral/neutral_418.jpg,neutral,3
angry_313.png,data/angry/angry_313.png,angry,0
neutral_192.png,data/neutral/neutral_192.png,neutral,3
happy_11.png,data/happy/happy_11.png,happy,2
neutral_195.png,data/neutral/neutral_195.png,neutral,3
focused_254.png,data/focused/focused_254.png,focused,1
neutral_71.png,data/neutral/neutral_71.png,neutral,3
neutral_324.png,data/neutral/neutral_324.png,neutral,3
happy_365.png,data/happy/happy_365.png,happy,2
focused_397.png,data/focused/focused_397.png,focused,1
angry_465.jpg,data/angry/angry_465.jpg,angry,0
focused_82.png,data/focused/focused_82.png,focused,1
neutral_56.png,data/neutral/neutral_56.png,neutral,3
focused_175.png,data/focused/focused_175.png,focused,1
angry_154.png,data/angry/angry_154.png,angry,0
neutral_2.png,data/neutral/neutral_2.png,neutral,3
focused_322.png,data/focused/focused_322.png,focused,1
focused_301.png,data/focused/focused_301.png,focused,1
happy_487.png,data/happy/happy_487.png,happy,2
focused_399.png,data/focused/focused_399.png,focused,1
happy_263.png,data/happy/happy_263.png,happy,2
neutral_152.png,data/neutral/neutral_152.png,neutral,3
neutral_90.png,data/neutral/neutral_90.png,neutral,3
neutral_54.jpg,data/neutral/neutral_54.jpg,neutral,3
angry_467.png,data/angry/angry_467.png,angry,0
focused_478.png,data/focused/focused_478.png,focused,1
happy_502.jpg,data/happy/happy_502.jpg,happy,2
happy_206.jpg,data/happy/happy_206.jpg,happy,2
angry_427.png,data/angry/angry_427.png,angry,0
focused_494.png,data/focused/focused_494.png,focused,1
neutral_128.png,data/neutral/neutral_128.png,neutral,3
happy_209.jpg,data/happy/happy_209.jpg,happy,2
happy_195.png,data/happy/happy_195.png,happy,2
angry_161.png,data/angry/angry_161.png,angry,0
angry_20.png,data/angry/angry_20.png,angry,0
neutral_103.png,data/neutral/neutral_103.png,neutral,3
neutral_178.png,data/neutral/neutral_178.png,neutral,3
angry_137.png,data/angry/angry_137.png,angry,0
focused_57.png,data/focused/focused_57.png,focused,1
happy_433.png,data/happy/happy_433.png,happy,2
focused_289.png,data/focused/focused_289.png,focused,1
happy_377.jpg,data/happy/happy_377.jpg,happy,2
angry_291.png,data/angry/angry_291.png,angry,0
focused_139.png,data/focused/focused_139.png,focused,1
neutral_447.png,data/neutral/neutral_447.png,neutral,3
neutral_432.png,data/neutral/neutral_432.png,neutral,3
neutral_315.png,data/neutral/neutral_315.png,neutral,3
neutral_198.png,data/neutral/neutral_198.png,neutral,3
focused_127.jpg,data/focused/focused_127.jpg,focused,1
neutral_266.png,data/neutral/neutral_266.png,neutral,3
neutral_182.png,data/neutral/neutral_182.png,neutral,3
neutral_448.png,data/neutral/neutral_448.png,neutral,3
angry_182.png,data/angry/angry_182.png,angry,0
focused_14.png,data/focused/focused_14.png,focused,1
angry_204.png,data/angry/angry_204.png,angry,0
neutral_29.png,data/neutral/neutral_29.png,neutral,3
happy_15.jpg,data/happy/happy_15.jpg,happy,2
happy_207.png,data/happy/happy_207.png,happy,2
happy_461.png,data/happy/happy_461.png,happy,2
focused_460.png,data/focused/focused_460.png,focused,1
happy_318.jpg,data/happy/happy_318.jpg,happy,2
neutral_45.png,data/neutral/neutral_45.png,neutral,3
angry_307.jpg,data/angry/angry_307.jpg,angry,0
focused_282.png,data/focused/focused_282.png,focused,1
focused_79.png,data/focused/focused_79.png,focused,1
focused_229.png,data/focused/focused_229.png,focused,1
angry_328.png,data/angry/angry_328.png,angry,0
angry_13.jpg,data/angry/angry_13.jpg,angry,0
neutral_175.png,data/neutral/neutral_175.png,neutral,3
angry_403.jpg,data/angry/angry_403.jpg,angry,0
happy_182.png,data/happy/happy_182.png,happy,2
happy_397.jpg,data/happy/happy_397.jpg,happy,2
angry_322.png,data/angry/angry_322.png,angry,0
neutral_155.jpg,data/neutral/neutral_155.jpg,neutral,3
happy_384.png,data/happy/happy_384.png,happy,2
neutral_304.jpg,data/neutral/neutral_304.jpg,neutral,3
happy_369.png,data/happy/happy_369.png,happy,2
neutral_140.png,data/neutral/neutral_140.png,neutral,3
focused_149.png,data/focused/focused_149.png,focused,1
neutral_262.jpg,data/neutral/neutral_262.jpg,neutral,3
focused_112.png,data/focused/focused_112.png,focused,1
neutral_102.jpg,data/neutral/neutral_102.jpg,neutral,3
focused_56.jpg,data/focused/focused_56.jpg,focused,1
angry_423.jpg,data/angry/angry_423.jpg,angry,0
focused_410.png,data/focused/focused_410.png,focused,1
happy_73.jpg,data/happy/happy_73.jpg,happy,2
angry_89.png,data/angry/angry_89.png,angry,0
happy_325.png,data/happy/happy_325.png,happy,2
focused_203.png,data/focused/focused_203.png,focused,1
neutral_91.png,data/neutral/neutral_91.png,neutral,3
neutral_48.png,data/neutral/neutral_48.png,neutral,3
happy_87.jpg,data/happy/happy_87.jpg,happy,2
happy_88.png,data/happy/happy_88.png,happy,2
happy_188.png,data/happy/happy_188.png,happy,2
focused_431.png,data/focused/focused_431.png,focused,1
focused_148.png,data/focused/focused_148.png,focused,1
focused_341.png,data/focused/focused_341.png,focused,1
neutral_492.png,data/neutral/neutral_492.png,neutral,3
focused_352.png,data/focused/focused_352.png,focused,1
neutral_372.png,data/neutral/neutral_372.png,neutral,3
neutral_365.png,data/neutral/neutral_365.png,neutral,3
focused_480.png,data/focused/focused_480.png,focused,1
focused_67.png,data/focused/focused_67.png,focused,1
happy_133.png,data/happy/happy_133.png,happy,2
happy_405.png,data/happy/happy_405.png,happy,2
angry_340.png,data/angry/angry_340.png,angry,0
angry_431.jpg,data/angry/angry_431.jpg,angry,0
angry_487.png,data/angry/angry_487.png,angry,0
happy_315.jpg,data/happy/happy_315.jpg,happy,2
neutral_319.png,data/neutral/neutral_319.png,neutral,3
focused_437.png,data/focused/focused_437.png,focused,1
neutral_311.png,data/neutral/neutral_311.png,neutral,3
happy_229.png,data/happy/happy_229.png,happy,2
neutral_75.png,data/neutral/neutral_75.png,neutral,3
focused_359.png,data/focused/focused_359.png,focused,1
angry_51.jpg,data/angry/angry_51.jpg,angry,0
happy_272.png,data/happy/happy_272.png,happy,2
happy_138.jpg,data/happy/happy_138.jpg,happy,2
happy_437.png,data/happy/happy_437.png,happy,2
angry_67.png,data/angry/angry_67.png,angry,0
neutral_278.png,data/neutral/neutral_278.png,neutral,3
focused_287.png,data/focused/focused_287.png,focused,1
happy_166.png,data/happy/happy_166.png,happy,2
happy_432.jpg,data/happy/happy_432.jpg,happy,2
angry_471.png,data/angry/angry_471.png,angry,0
angry_109.png,data/angry/angry_109.png,angry,0
happy_406.jpg,data/happy/happy_406.jpg,happy,2
happy_366.png,data/happy/happy_366.png,happy,2
neutral_233.png,data/neutral/neutral_233.png,neutral,3
focused_387.png,data/focused/focused_387.png,focused,1
happy_32.jpg,data/happy/happy_32.jpg,happy,2
focused_129.png,data/focused/focused_129.png,focused,1
happy_375.png,data/happy/happy_375.png,happy,2
happy_193.jpg,data/happy/happy_193.jpg,happy,2
neutral_73.png,data/neutral/neutral_73.png,neutral,3
focused_73.png,data/focused/focused_73.png,focused,1
